id,name,target_type,cost_type,cost
0x000,"射撃","range","hung",0,
0x001,"受け流し","self","hung",5,
0x002,"","range","hung",10,
0x003,"毒攻撃","next","hung",5,
0x004,"突撃","range","hung",15,
0x005,"掘削","next","hung",15,
0x300,"ソウルの光","range","fp",5,
0x400,"小回復","self","fp",8,
0x401,"回復","self","fp",16,
0x402,"大回復","self","fp",30,
0x403,"王たる回復","self","fp",45,
0x404,"恵みの祝福","self","fp",13,
0x480,"フォース","self","fp",5,
0x500,"火球","range","fp",5,
0x501,"大火球","range","fp",10,
0xf00,"クイックステップ","range","hung",10,
0xf01,"瞑想","range","hung",30,
